Topic 1,Topic 2,Topic 3,Topic 4,Topic 5,Topic 6,Topic 7,Topic 8,Topic 9,Topic 10,Topic 11,Topic 12,Topic 13,Topic 14,Topic 15,Topic 16,Topic 17,Topic 18,Topic 19,Topic 20,Topic 21,Topic 22,Topic 23,Topic 24,Topic 25,Topic 26,Topic 27,Topic 28,Topic 29
情况,孩子,哈尔,资产,龙,装备,细胞,动物,产生,公园,儿,战争,成本,灰色,飞行员,能力,围墙,杂种,头,参观,控制室,玩意,学,隧道,悲剧,山谷,吊车,肩膀,时候
无法,男人,克莱尔,利润,恐龙,直升机,色素,肉,气候,动物园,妈妈,战场,商量,衣服,实验室,技巧,栅栏,鱼类,头发,简讯,洞穴,意思,科技,游客,宝贝,海龟,装车,尾巴,时
感兴趣,姐妹,斯金斯,股东,苍龙,机,胞嘧啶,生物,热度,馆,姨妈,海军,方法,裤,任务,精神,门,物种,斧头,掌声,水面,情感,遗传学,路程,噩梦,史前,列车,胳膊,时刻
换,朋友,德鲁克,开业,暴龙,装置,嘌呤,猎物,满意度,游乐,老师,士兵,量,菜刀,全员,本能,闸门,杂交,口头,主题,角,印象,学会,行程,怪兽,岛,火车,痕,时间
有点,家伙,撒哈拉,营业,剑龙,机枪,腺,食肉,热辐射,城市,家长,军事,成果,花哨,工程师,火力,墙,种类,码头,备忘录,地面,明白,我会,路,梦幻,丛林,上车,眼睛,观光
卖点,女士,奥斯特,营业额,翼龙,距离,嘧啶,植,强度,恩县,医生,军方,前提,鞋,团体,消耗,关门,镇静剂,兆头,宣传册,面角,字面,科学,等候,冒险,中美洲,车库,陷阱,小时
兴趣,爸,哈蒙,权限,钟,机器,皮肤,食物,气息,园区,妈,军队,可行性,床,人员,智力,把门,新品种,,过奖,地下室,事,大学,交通,,小岛,车辆,腕,时光
现实情况,兄弟,吉姆,代价,,子弹,胸腺,食草动物,生气,乐园,妇女,敌军,合法,衬衫,团队,注意力,大门,,,,,意味,,入境,,三角洲,,腿,阳光
结果,父母,布兰德,费用,,口径,蛋白质,植入,气味,市场,母亲,,措施,蛋,实验员,威力,,,,,,信任,,方向,,平原,,,
错误,小孩,霍,权利,,实弹,细胞膜,食物链,,度假区,父亲,,程式,白色,,速度,,,,,,主意,,交流,,树林,,,
对象,笼子,玛,额,,发电机,防腐剂,人工,,地区,律师,,方式,,,,,,,,,同情,,旅客,,,,,
问题,阿姨,拉尼,消费者,,机器人,液体,礼物,,区,早饭,,,,,,,,,,,,,航班,,,,,
感觉,老婆,格雷,,,电源,血液,食品,,球场,,,,,,,,,,,,,,走路,,,,,
实际,样子,沙拉,,,,,麻醉,,,,,,,,,,,,,,,,,,,,,
状态,大家,普罗,,,,,,,,,,,,,,,,,,,,,,,,,,
习惯,爸爸,吉普,,,,,,,,,,,,,,,,,,,,,,,,,,
规则,盘子,侏罗,,,,,,,,,,,,,,,,,,,,,,,,,,
环节,岔子,索罗,,,,,,,,,,,,,,,,,,,,,,,,,,
证件,男友,迪,,,,,,,,,,,,,,,,,,,,,,,,,,
焦点,弟弟,尼,,,,,,,,,,,,,,,,,,,,,,,,,,
条理,房子,札克,,,,,,,,,,,,,,,,,,,,,,,,,,
关键,小伙子,拉尔,,,,,,,,,,,,,,,,,,,,,,,,,,
关心,女孩,伊斯拉,,,,,,,,,,,,,,,,,,,,,,,,,,
订单,同伴,埃,,,,,,,,,,,,,,,,,,,,,,,,,,
意义,回家,德,,,,,,,,,,,,,,,,,,,,,,,,,,
数据,姐姐,保姆,,,,,,,,,,,,,,,,,,,,,,,,,,
清点,哥哥,威利斯,,,,,,,,,,,,,,,,,,,,,,,,,,
,老板,拜托,,,,,,,,,,,,,,,,,,,,,,,,,,
,小子,卡尔,,,,,,,,,,,,,,,,,,,,,,,,,,
,男朋友,蒙德,,,,,,,,,,,,,,,,,,,,,,,,,,
,小朋友,沙,,,,,,,,,,,,,,,,,,,,,,,,,,
,同事,艾瑞克,,,,,,,,,,,,,,,,,,,,,,,,,,
,高中生,卡,,,,,,,,,,,,,,,,,,,,,,,,,,
,小孩子,牧马,,,,,,,,,,,,,,,,,,,,,,,,,,
,婊子,埃里,,,,,,,,,,,,,,,,,,,,,,,,,,
,老兄,玛格丽塔,,,,,,,,,,,,,,,,,,,,,,,,,,
,小心,特西,,,,,,,,,,,,,,,,,,,,,,,,,,
,侄子,喇,,,,,,,,,,,,,,,,,,,,,,,,,,
,小伙伴,拉瑞,,,,,,,,,,,,,,,,,,,,,,,,,,
,,玛沙,,,,,,,,,,,,,,,,,,,,,,,,,,
,,欧文,,,,,,,,,,,,,,,,,,,,,,,,,,
,,亨利,,,,,,,,,,,,,,,,,,,,,,,,,,
,,哈,,,,,,,,,,,,,,,,,,,,,,,,,,
,,印第安,,,,,,,,,,,,,,,,,,,,,,,,,,
,,法伦,,,,,,,,,,,,,,,,,,,,,,,,,,
,,阿富汗,,,,,,,,,,,,,,,,,,,,,,,,,,
,,英里,,,,,,,,,,,,,,,,,,,,,,,,,,
,,约翰,,,,,,,,,,,,,,,,,,,,,,,,,,
,,吉米,,,,,,,,,,,,,,,,,,,,,,,,,,
,,布,,,,,,,,,,,,,,,,,,,,,,,,,,
,,新奇,,,,,,,,,,,,,,,,,,,,,,,,,,
,,挪,,,,,,,,,,,,,,,,,,,,,,,,,,
,,艾克,,,,,,,,,,,,,,,,,,,,,,,,,,
,,耶,,,,,,,,,,,,,,,,,,,,,,,,,,
,,哈蒙德,,,,,,,,,,,,,,,,,,,,,,,,,,
,,扎克,,,,,,,,,,,,,,,,,,,,,,,,,,
,,布卢,,,,,,,,,,,,,,,,,,,,,,,,,,
,,劳拉,,,,,,,,,,,,,,,,,,,,,,,,,,
